{
  "utility_score": {
    "steps": [
      0
    ],
    "timestamps": [
      "2019-08-20T17:11:10.688696"
    ],
    "values": [
      0.4301466840579587
    ]
  }
}