{"exclude": ["SepsisLabel", "subject", "EtCO2"], "cat_missing": {"Age": 30, "Gender": 2, "Unit1": 2, "Unit2": 2}, "cont_missing": {"HR": 80.0, "O2Sat": 100.0, "Temp": 37.0, "SBP": 116.0, "MAP": 78.0, "DBP": 58.0, "Resp": 18.0, "BaseExcess": 0.0, "HCO3": 24.0, "FiO2": 0.4000000059604645, "pH": 7.400000095367432, "PaCO2": 38.0, "SaO2": 98.0, "AST": 17.0, "BUN": 14.0, "Alkalinephos": 58.0, "Calcium": 8.300000190734863, "Chloride": 106.0, "Creatinine": 0.699999988079071, "Bilirubin_direct": 0.10000000149011612, "Glucose": 118.0, "Lactate": 1.2000000476837158, "Magnesium": 2.0, "Phosphate": 3.200000047683716, "Potassium": 4.0, "Bilirubin_total": 0.5, "TroponinI": 0.009999999776482582, "Hct": 29.0, "Hgb": 10.0, "PTT": 150.0, "WBC": 8.600000381469727, "Fibrinogen": 217.0, "Platelets": 167.0, "HospAdmTime": -0.019999999552965164, "ICULOS": 8.0}, "cont_stats": {"HR": [84.57738494873047, 17.32245445251465, 20.0, 280.0], "O2Sat": [96.49993133544922, 3.0098438262939453, 20.0, 100.0], "Temp": [36.972354888916016, 0.7699258923530579, 20.899999618530273, 50.0], "SBP": [123.75352478027344, 23.221403121948242, 20.0, 300.0], "MAP": [82.399658203125, 16.339841842651367, 20.0, 300.0], "DBP": [63.83270263671875, 13.958982467651367, 20.0, 300.0], "Resp": [18.727298736572266, 5.096174716949463, 1.0, 100.0], "BaseExcess": [-0.6899186968803406, 4.295143127441406, -32.0, 100.0], "HCO3": [24.075462341308594, 4.376558780670166, 0.0, 55.0], "FiO2": [0.554676353931427, 11.123176574707031, -50.0, 4000.0], "pH": [7.378842353820801, 0.07457680255174637, 6.619999885559082, 7.929999828338623], "PaCO2": [41.0218620300293, 9.267276763916016, 10.0, 100.0], "SaO2": [92.65386962890625, 10.893025398254395, 23.0, 100.0], "AST": [260.223388671875, 855.7435302734375, 3.0, 9961.0], "BUN": [23.91545295715332, 19.994213104248047, 1.0, 268.0], "Alkalinephos": [102.48365783691406, 120.12237548828125, 7.0, 3833.0], "Calcium": [7.557551860809326, 2.4331796169281006, 1.0, 27.899999618530273], "Chloride": [105.82791137695312, 5.879894733428955, 26.0, 145.0], "Creatinine": [1.5107072591781616, 1.8056237697601318, 0.10000000149011612, 46.599998474121094], "Bilirubin_direct": [1.8361992835998535, 3.6940770149230957, 0.009999999776482582, 37.5], "Glucose": [136.93235778808594, 51.306190490722656, 10.0, 988.0], "Lactate": [2.646665334701538, 2.526215076446533, 0.20000000298023224, 31.0], "Magnesium": [2.0514638423919678, 0.39786672592163086, 0.20000000298023224, 9.800000190734863], "Phosphate": [3.5442519187927246, 1.4232765436172485, 0.20000000298023224, 18.799999237060547], "Potassium": [4.135506629943848, 0.6421288847923279, 1.0, 27.5], "Bilirubin_total": [2.1140642166137695, 4.311201572418213, 0.10000000149011612, 49.599998474121094], "TroponinI": [8.290117263793945, 24.805971145629883, 0.009999999776482582, 440.0], "Hct": [30.79399871826172, 5.491926193237305, 5.5, 71.69999694824219], "Hgb": [10.430850982666016, 1.9686261415481567, 2.200000047683716, 32.0], "PTT": [41.23100280761719, 26.217613220214844, 12.5, 250.0], "WBC": [11.446430206298828, 7.730653762817383, 0.10000000149011612, 440.0], "Fibrinogen": [287.38568115234375, 153.00306701660156, 34.0, 1760.0], "Platelets": [196.01388549804688, 103.63572692871094, 1.0, 2322.0], "HospAdmTime": [-56.10673522949219, 162.5651092529297, -5366.85986328125, 23.989999771118164], "ICULOS": [26.700098037719727, 28.976593017578125, 1.0, 336.0]}, "cont_to_cats": {"Glucose": [-138.53095245361328, -81.5240741305881, -24.517195807562928, 32.48968251546225, 89.49656083848743, 146.50343916151257, 203.51031748453778, 260.517195807563], "FiO2": [-55.21588286757469, -42.85679778456688, -30.497712701559067, -18.138627618551254, -5.779542535543442, 6.579542547464371, 18.938627630472183, 31.297712713479996], "Potassium": [0.7893555760383606, 1.5028321146965027, 2.2163086533546448, 2.929785192012787, 3.643261730670929, 4.356738269329071, 5.070214807987213, 5.783691346645355], "pH": [7.0271160826087, 7.109979196555084, 7.19284231050147, 7.275705424447854, 7.358568538394239, 7.441431652340624, 7.524294766287009, 7.607157880233394], "Hct": [1.5403690338134766, 7.642509248521593, 13.74464946322971, 19.846789677937828, 25.948929892645943, 32.05107010735406, 38.15321032206218, 44.255350536770294], "PaCO2": [-8.336383819580078, 1.9605903625488281, 12.257564544677734, 22.55453872680664, 32.85151290893555, 43.14848709106445, 53.44546127319336, 63.742435455322266], "BaseExcess": [-21.47571563720703, -16.703334384494358, -11.930953131781685, -7.158571879069012, -2.3861906263563384, 2.386190626356335, 7.158571879069008, 11.930953131781678], "Hgb": [0.1568692922592163, 2.3442316717571683, 4.53159405125512, 6.718956430753073, 8.906318810251024, 11.093681189748976, 13.281043569246929, 15.46840594874488], "BUN": [-85.97106552124023, -63.755273183186844, -41.53948084513346, -19.323688507080078, 2.892103830973312, 25.107896169026702, 47.32368850708008, 69.53948084513348], "Magnesium": [0.010666370391845703, 0.45274051030476886, 0.894814650217692, 1.3368887901306152, 1.7789629300435383, 2.2210370699564614, 2.6631112098693848, 3.1051853497823076], "Calcium": [-3.8658978939056396, -1.1623649862077503, 1.541167921490139, 4.244700829188028, 6.948233736885918, 9.651766644583807, 12.355299552281696, 15.058832459979584], "WBC": [-30.053268432617188, -21.463653140597874, -12.87403784857856, -4.284422556559246, 4.305192735460068, 12.894808027479385, 21.484423319498696, 30.074038611518006], "Creatinine": [-8.328118860721588, -6.321870227654776, -4.315621594587962, -2.3093729615211487, -0.3031243284543361, 1.7031243046124764, 3.7093729376792908, 5.715621570746103], "Platelets": [-351.1786346435547, -236.027826944987, -120.87701924641928, -5.7262115478515625, 109.42459615071613, 224.57540384928382, 339.72621154785156, 454.8770192464192], "Chloride": [76.60052633285522, 83.13374270333185, 89.66695907380846, 96.20017544428508, 102.73339181476169, 109.26660818523831, 115.79982455571493, 122.33304092619154], "HCO3": [2.11720609664917, 6.980049186282688, 11.842892275916206, 16.705735365549724, 21.568578455183243, 26.43142154481676, 31.29426463445028, 36.1571077240838], "Phosphate": [-3.916382670402527, -2.334964288605584, -0.7535459068086414, 0.8278724749883013, 2.409290856785244, 3.9907092385821867, 5.5721276203791295, 7.153546002176071], "Lactate": [-11.43107533454895, -8.624169694052803, -5.817264053556654, -3.010358413060505, -0.2034527725643578, 2.6034528679317894, 5.41035850842794, 8.217264148924087], "SaO2": [43.53487300872803, 55.638234562344024, 67.74159611596002, 79.844957669576, 91.948319223192, 104.051680776808, 116.15504233042398, 128.25840388403998], "PTT": [-98.68806457519531, -69.55738321940105, -40.42670186360677, -11.2960205078125, 17.834660847981766, 46.96534220377603, 76.09602355957031, 105.22670491536456], "AST": [-4261.7176513671875, -3310.891506618924, -2360.0653618706597, -1409.2392171223955, -458.41307237413184, 492.41307237413184, 1443.2392171223964, 2394.06536187066], "Alkalinephos": [-542.6118774414062, -409.142571343316, -275.6732652452257, -142.20395914713544, -8.734653049045164, 124.73465304904516, 258.2039591471354, 391.6732652452256], "Bilirubin_total": [-21.056007862091064, -16.265783892737495, -11.475559923383924, -6.685335954030354, -1.8951119846767845, 2.8951119846767845, 7.685335954030357, 12.475559923383926], "Fibrinogen": [-548.0153350830078, -378.0119272867838, -208.00851949055988, -38.00511169433594, 131.99829610188806, 302.00170389811205, 472.00511169433594, 642.00851949056], "TroponinI": [-124.01985572837293, -96.45766556656196, -68.89547540475097, -41.33328524293998, -13.771095081129005, 13.79109508068197, 41.35328524249297, 68.91547540430395], "Bilirubin_direct": [-18.370385073125362, -14.265855056544144, -10.161325039962927, -6.05679502338171, -1.9522650068004914, 2.152265009780727, 6.256795026361942, 10.361325042943161]}, "time_fields": ["HR", "O2Sat", "Temp", "SBP", "MAP", "DBP", "Resp"], "cat_levels": {"Age": 10, "Gender": 3, "Unit1": 3, "Unit2": 3},